一,イチ; イッ; ひと,one,3
一,いち,one
一時,いちじ,one o'clock
一年生,いちねんせい,first-year student
一分,いっぷん,one minute
一つ,ひとつ,one
一万,いちまん,ten thousand
一人で,ひとりで,alone
一月,いちがつ,January
一年中,いちねんじゅう,all year round
一行目,いちぎょうめ,first line
一生に一度,いっしょうにいちど,once in a life time
一週間,いっしゅうかん,one week
一人旅,ひとりたび,traveling alone
一度,いちど,once
一枚,いちまい,one sheet
一番,いちばん,the most; number 1
一割引,いちわりびき,10% off
第一位,だいいちい,the 1st place
二,ニ; ふた,two,3
二,に,two
二時,にじ,two o'clock
二年生,にねんせい,second-year student
二つ,ふたつ,two
二日間,ふつかかん,two days
二時間,にじかん,two hours
二十歳,にじゅうさい,twenty-five years old
二十歳,はたち,twenty years old
二台,にだい,two vechicles/machines/etc.
三,サン; みっ,three,3
三,さん,three
三時,さんじ,three o'clock
三年生,さんねんせい,third-year student
三つ,みっつ,three
三百,さんびゃく,three hundred
三千,さんぜん,three thousand
三日,みっか,three days
三人,さんにん,three people
三時半,さんじはん,half past three
三十度,さんじゅうど,30 degrees
三世,さんせい,third generation
四,よん; よ; よっ; シ,four,3
四,よん,four
四時,よじ,four o'clock
四つ,よっつ,four
四月,しがつ,April
四年生,よねんせい,fourth-year student
五,ゴ; いつ,five,3
五,ご,five
五時,ごじ,five o'clock
五つ,いつつ,five
五分,ごふん,five minutes
六,ロク; ロッ; むっ,six,3
六,ろく,six
六時,ろくじ,six o'clock
六百,ろっぴゃく,six hundred
六分,ろっぷん,six minutes
六つ,むっつ,six
六百,ろっぴゃく,six hundred
七,シチ; なな,seven,3
七,なな,seven
七時,しちじ,seven o'clock
七つ,ななつ,seven
八,ハチ; ハッ; やっ,eight,3
八,はち,eight
八時,はちじ,eight o'clock
八百,はっぴゃく,eight hundred
八歳,はっさい,eight years old
八つ,やっつ,eight
八千,はっせん,eight thousand
九,キュウ; ク; ここの,nine,3
九,きゅう,nine
九時,くじ,nine o'clock
九歳,きゅうさい,nine years old
九つ,ここのつ,nine
十,ジュウ; ジュッ; とお,ten,3
十,じゅう,ten
十時,じゅうじ,ten o'clock
十歳,じゅっさい,ten years old
十,とお,ten
十万,じゅうまん,one hundred thousand
十分,じゅっぷん,ten minutes
三十度,さんじゅうど,30 degrees
赤十字,せきじゅうじ,the Red Cross
二十歳,にじゅうさい,twenty-five years old
二十歳,はたち,twenty years old
百,ヒャク; ピャク; ビャク,hundred,3
六百,ろっぴゃく,six hundred
八百,はっぴゃく,eight hundred
百,ひゃく,hundred
三百,さんびゃく,three hundred
六百,ろっぴゃく,six hundred
百万,ひゃくまん,one million
百円,ひゃくえん,one hundred yen
千,セン; ゼン,thousand,3
千,せん,thousand
三千,さんぜん,three thousand
八千,はっせん,eight thousand
万,マン,ten thousand,3
一万,いちまん,ten thousand
十万,じゅうまん,one hundred thousand
百万,ひゃくまん,one million
円,エン,yen,3
百円,ひゃくえん,one hundred yen
円,えん,circle
時,ジ; とき,time; o'clock,3
一時,いちじ,one o'clock
二時,にじ,two o'clock
三時,さんじ,three o'clock
四時,よじ,four o'clock
五時,ごじ,five o'clock
六時,ろくじ,six o'clock
七時,しちじ,seven o'clock
八時,はちじ,eight o'clock
九時,くじ,nine o'clock
十時,じゅうじ,ten o'clock
子供の時,こどものとき,in one's childhood
時々,ときどき,sometimes
時計,とけい,watch
三時半,さんじはん,half past three
何時,なんじ,what time
二時間,にじかん,two hours
同時,どうじ,same time; simultaneous
時代,じだい,age; era
短時間,たんじかん,a short time
目覚まし時計,めざましどけい,an alarm clock
置き時計,おきどけい,a table clock
日,ニ; ニチ; び; ひ; ニッ,sun; day; daytime,4
二日間,ふつかかん,two days
日本,にほん,Japan
日曜日,にちようび,Sunday
毎日,まいにち,every day
母の日,ははのひ,Mother's Day
日記,にっき,diary
三日,みっか,three days
日本語,にほんご,Japanese language
日本人,にほんじん,Japanese people
月曜日,げつようび,Monday
火曜日,かようび,Tuesday
水曜日,すいようび,Wednesday
木曜日,もくようび,Thursday
金曜日,きにょうび,Friday
土曜日,どようび,Saturday
今日,きょう,today
休日,きゅうじつ,holiday
明日,あした,tomorrow
日本海,にほんかい,the Japan Sea
本日,ほんじつ,this day; today
日本酒,にほんしゅ,Japanese sake
日本史,にほんし,Japanese history
日本画,にほんが,a Japanese painting
春分の日,しゅんぶんのひ,the vernal equinox day
秋分の日,しゅうぶんのひ,the autumnal equinox day
連日,れんじつ,day after day
平日,へいじつ,a weekday
敬老の日,けいろうのひ,Respect for the Aged Day (Sept. 15)
本,ホン; もと,origin; book,4
日本,にほん,Japan
本,ほん,book
日本語,にほんご,Japanese language
山本さん,やまもとさん,Mr./Ms. Yamamoto
日本人,にほんじん,Japanese people
日本海,にほんかい,the Japan Sea
本屋,ほんや,bookstore
本当,ほんとう,really
本日,ほんじつ,this day; today
日本酒,にほんしゅ,Japanese sake
日本史,にほんし,Japanese history
日本画,にほんが,a Japanese painting
資本主義,しほんしゅぎ,capitalism
資本,しほん,capital; a fund
人,ジン; ひと; ニン,person,4
日本人,にほんじん,Japanese people
一人で,ひとりで,alone
三人,さんにん,three people
女の人,おんなのひと,woman
男の人,おとこのひと,man
人口,じんこう,population
大人,おとな,adult
外国人,がいこくじん,foreigner
何人,なんにん,how many people
友人,ゆうじん,friend
人間,にんげん,human being
知人,ちじん,acquaintance
一人旅,ひとりたび,traveling alone
人々,ひとびと,people
ご主人,ごしゅじん,husband
目上の人,めうえのひと,one\'s superiors
〜夫人,〜ふじん,Madam ~; Mrs. ~
数人,すうにん,several people
人形,にんぎょう,a doll
求人広告,きゅうじんこうこく,a help wanted advertisement
紙人形,かみにんぎょう,paper doll
個人,こじん,an individual
老人,ろうじん,an old man
美人,びじん,a beautiful woman
月,ゲツ; ガツ; つき,counter for name of month; moon,4
四月,しがつ,April
月曜日,げつようび,Monday
一月,いちがつ,January
月,つき,moon
お正月,おしょうがつ,New Year
火,カ; ひ,fire,4
火曜日,かようび,Tuesday
火,ひ,fire
火事,かじ,fire
花火,はなび,fireworks
消火する,しょうかする,to extinguish fire
消火器,しょうかき,a fire extinguisher
水,スイ; みず,water,4
水曜日,すいようび,Wednesday
水,みず,water
水泳,すいえい,swimming
水準,すいじゅん,a standard
教育水準,きょういくすいじゅん,level of education
水族館,すいぞくかん,an aquarium
木,モク; き,tree; wood,4
木曜日,もくようび,Thursday
木,き,tree
金,キン; かね,gold,4
金曜日,きにょうび,Friday
お金,おかね,money
料金,りょうきん,charge
金魚,きんぎょ,goldfish
借金,しゃっきん,a debt
資金,しきん,funds; capital
頭金,あたまきん,down payment
現金,げんきん,cash
土,ド; つち,earth; soil,4
土曜日,どようび,Saturday
土,つち,soil
土地,とち,plot of land; lot; soil
曜,ヨウ,weekday,4
日曜日,にちようび,Sunday
月曜日,げつようび,Monday
火曜日,かようび,Tuesday
水曜日,すいようび,Wednesday
木曜日,もくようび,Thursday
金曜日,きにょうび,Friday
土曜日,どようび,Saturday
上,うえ; ジョウ,top; above; on,4
上,うえ,top; above
上手な,じょうずな,good at
屋上,おくじょう,rooftop
〜以上,〜いじょう,... or more
目上の人,めうえのひと,one\'s superiors
上映する,じょうえいする,to show (a movie)
上品な,じょうひんな,elegant
以上,いじょう,more than
下,した; カ,under; beneath; below; bottom,4
下,した,under
地下鉄,ちかてつ,subway
下手な,へたな,poor at
地下,ちか,underground
低下する,ていかする,to fall; to go down
落下する,らっかする,to fall; to drop
下品,げひん,vulgar
以下,いか,less than
中,なか; チュウ; ジュウ,inside; within,4
中,なか,inside
中国,ちゅうごく,China
中学,ちゅうがく,junior high school
一年中,いちねんじゅう,all year round
田中さん,たなかさん,Mr./Ms. Tanaka
中学校,ちゅうがこう,junior high school
午前中,ごぜんちゅう,in the morning
中古,ちゅうこ,secondhand
夜中,よなか,midnight
中近東,ちゅうきんとう,the Middle and Near East
使用中,しようちゅう,"Occupied"
世の中,よのなか,the society
真ん中,まんなか,center
授業中,じゅぎょうちゅう,during class
中米,ちゅうべい,Central America
真夜中,まよなか,midnight
暑中見舞い,しょちゅうみまい,a summer greeting card
半,ハン,half,4
三時半,さんじはん,half past three
半分,はんぶん,half
半島,はんとう,a peninsula
山,やま; サン,mountain,5
山本さん,やまもとさん,Mr./Ms. Yamamoto
山,やま,mountain
富士山,ふじさん,Mt. Fuji
山田さん,やまださん,Mr./Ms. Yamada
北山町,きたやままち,Kitayama town
岩山,いわやま,a rocky mountain
野山,のやま,hills and fields
森山,まりやま,(a Japanese surname)
川,かわ; がわ,river,5
川,かわ,river
小川さん,おがわさん,Mr./Ms. Ogawa
川口市,かわぐちし,Kawaguchi city
石川,いしかわ,(a Japanese surname)
天の川,あまのがわ,the Milky Way
元,ゲン,origin,5
元気な,げんきな,fine
気,キ,spirit; mind; energy,5
元気な,げんきな,fine
天気,てんき,weather
電気,でんき,electricity
気分が悪い,きぶんがわるい,to feel sick
空気,くうき,air
天気図,てんきず,weather map
天気予報,てんきよほう,a weather forecast
病気が悪くなった,びょうきがわるくなった,condition (illness) became worse
私,わたし; シ,I,5
私,わたし,イ
私立大学,しりつだいがく,private university
私立高校,しりつこうこう,private high school
私鉄,してつ,a private railroad
私立,しりつ,private
今,いま; コン,now; present,5
今,いま,now
今日,きょう,today
今晩,こんばん,tonight
今年,ことし,this year
今夜,こんや,tonight
今朝,けさ,this morning
今度,こんど,near future
今晩,こんばん,tonight
田,た; だ,rice field,5
田中さん,たなかさん,Mr./Ms. Tanaka
山田さん,やまださん,Mr./Ms. Yamada
田んぼ,たんぼ,rice field
森田,もりた,(a Japanese surname)
田畑,たはた,fields of rice and crops
竹田,たけだ,(a Japanese surname)
女,おんな; ジョ,woman; girl; female,5
女の人,おんなのひと,woman
女性,じょせい,woman
女の子,おんなのこ,girl
次女,じじょ,one's second daughter
彼女,かのじょ,she; girlfriend
男女,だんじょ,man and woman; men and women
女性用,じょせいよう,for ladies
男,おとこ; ダン,man; male,5
男の人,おとこのひと,man
男性,だんせい,man
男の子,おとこのこ,boy
長男,ちょうなん,one's first son
男女,だんじょ,man and woman; men and women
見,み; ケン,to see,5
見る,みる,to see
見物,けんぶつ,sightseeing
花見,はなみ,flower viewing
見送る,みおくる,to see someone off
暑中見舞い,しょちゅうみまい,a summer greeting card
意見,いけん,an opinion
行,い; コウ; キョウ,to go,5
行く,いく,to go
一行目,いちぎょうめ,first line
旅行,りょこう,travel
急行,きゅうこう,express train
行政,ぎょうせい,administration
旅行社,りょこうしゃ,travel agency
新婚旅行,しんこんりょこう,a honeymoon
流行,りゅうこう,fashion
旅行する,りょこうする,to travel
連れて行く,つれていく,to take (someone)
旅行者,りょこうしゃ,tourist
発行,はっこう,publication
銀行,ぎんこう,bank
食,た; ショク,to eat,5
食べる,たべる,to eat
食べ物,たべもの,food
食事,しょくじ,meal
朝食,ちょうしょく,breakfast
昼食,ちゅうしょく,lunch
食堂,しょくどう,dining room
定食,ていしょく,a fixed menu; today's special
洋食,ようしょく,Western food
和食,わしょく,Japanese food
食器,しょっき,tableware
食料品,しょくりょうひん,food
飲,の; イン,to drink,5
飲む,のむ,to drink
飲み物,のみもの,drink
飲酒運転,いんしゅうんてん,drunken driving
天,テン,heaven,5
東,ひがし；トウ,east,6
東,ひがし,east
東口,ひがしぐち,east exit
東京,とうきょう,Tokyo
南東,なんとう,southeast
東北,とうほく,Tohoku region
中近東,ちゅうきんとう,the Middle and Near East
東京駅,とうきょうえき,Tokyo Station
東大寺,とうだいじ,Todaiji Temple
東京都,とうきょうと,Tokyo (metropolis)
東洋,とうよう,the East; the Orient
関東地方,かんとうちほう,the Kanto District
東海道線,とうかいどうせん,the Tokaido line
西,にし；セイ；サイ,west,6
西,にし,west
西口,にしぐち,west exit
北西,ほくせい,northwest
関西,かんさい,Kansai region
大西洋,たいせいよう,the Atlantic
西洋,せいよう,the West
南,みなみ；ナン,south,6
南,みなみ,south
南口,みなみぐち,south exit
南東,なんとう,southeast
北,きた；ホク；ホッ,north,6
北西,ほくせい,northwest
北,きた,north
北口,きたぐち,north exit
東北,とうほく,Tohoku region
北海道,ほっかいどう,Hokkaido
北山町,きたやままち,Kitayama town
北米,ほくべい,North America
北風,きたかぜ,a north wind
口,ぐち；くち；コウ,mouth,6
東口,ひがしぐち,east exit
西口,にしぐち,west exit
南口,みなみぐち,south exit
北口,きたぐち,north exit
口,くち,mouth
人口,じんこう,population
出口,でぐち,exit
入口,いりぐち,entrance
川口市,かわぐちし,Kawaguchi city
悪口,わるくち,speaking ill of
窓口,まどぐち,a window; a counter
出,で；だ；シュッ；シュツ,to exit,6
出る,でる,to exit
出口,でぐち,exit
出す,だす,to take something out
出席,しゅっせき,attendance
輸出,ゆしゅつ,export
思い出す,おもいだす,to recall
思い出,おもいで,a memory
貸し出し,かしだし,loaning out
出席する,しゅっせきする,to attend
出発する,しゅっぱつする,to depart
引き出し,ひきだし,a drawer
右,みぎ；ウ；ユウ,right,6
右,みぎ,right
右折,うせつ,right turn
左右,さゆう,right and left
左,ひだり；サ,left,6
左右,さゆう,right and left
左,ひだり,left
左折,させつ,left turn
左利き,ひだりきき,left-handed
分,フン；プン；ブン,minute; to divide,6
一分,いっぷん,one minute
六分,ろっぷん,six minutes
半分,はんぶん,half
五分,ごふん,five minutes
十分,じゅっぷん,ten minutes
自分,じぶん,oneself
気分が悪い,きぶんがわるい,to feel sick
分野,ぶんや,realm; field
春分の日,しゅんぶんのひ,the vernal equinox day
秋分の日,しゅうぶんのひ,the autumnal equinox day
分割,ぶんかつ,division
分類する,ぶんるいする,to classify
先,セン；さき,previous; ahead,6
先生,せんせい,teacher
先週,せんしゅう,last week
先に,さきに,ahead
先週,せんしゅう,last week
連絡先,れんらくさき,contact address
先進国,せんしんこく,advanced nations
生,セイ；う；ショウ,birth,6
一年生,いちねんせい,first-year student
二年生,にねんせい,second-year student
三年生,さんねんせい,third-year student
先生,せんせい,teacher
学生,がくせい,student
生まれる,うまれる,to be born
一生に一度,いっしょうにいちど,once in a life time
大学生,だいがくせい,college student
小学生,しょうがくせい,elementary school student
高校生,こうこうせい,high school student
生活,せいかつ,(daily) life
留学生,りゅうがくせい,foreign students
四年生,よねんせい,fourth-year student
生物学,せいぶつがく,biology
生産する,せいさんする,to produce
卒業生,そつぎょうせい,a graduate
大,ダイ；おお；タイ,big,6
私立大学,しりつだいがく,private university
大学生,だいがくせい,college student
大きい,おおきい,big
大変な,たいへんな,tough
大人,おとな,adult
大学,だいがく,university
国立大学,こくりつだいがく,national university
大学院,だいがくいん,graduate school
大使,たいし,ambassador
大阪着,おおさかちゃく,arriving at Osaka
大西洋,たいせいよう,the Atlantic
大切,たいせつ,precious; important
短大,たんだい,a junior college
大雨,おおあめ,heavy rain
東大寺,とうだいじ,Todaiji Temple
大阪府,おおさかふ,Osaka Prefecture
大使館,たいしかん,embassy
大学卒,だいがくそつ,a college graduate
大変,たいへん,very; much
学,ガク；ガッ；まな,learning,6
中学,ちゅうがく,junior high school
私立大学,しりつだいがく,private university
心理学,しんりがく,psychology
学生,がくせい,student
大学生,だいがくせい,college student
大学,だいがく,university
学校,がっこう,school
学ぶ,まなぶ,to study
小学校,しょうがっこう,elementary school
小学生,しょうがくせい,elementary school student
中学校,ちゅうがこう,junior high school
文学,ぶんがく,literature
言語学,げんごがく,linguistics
国立大学,こくりつだいがく,national university
大学院,だいがくいん,graduate school
留学生,りゅうがくせい,foreign students
秋学期,あきがっき,fall semester
工学,こうがく,engineering
生物学,せいぶつがく,biology
経済学,けいざいがく,economics
学歴,がくれき,one's educational background
史学,しがく,study of history
数学,すうがく,mathematics
公立学校,こうりつがっこう,public school
科学者,かがくしゃ,a scientist
学者,がくしゃ,a scholar
学期,がっき,a school term
考古学,こうこがく,archaeology
学位,がくい,a degree
民族学,みんぞくがく,ethnology
退学する,たいがくする,to leave school
大学卒,だいがくそつ,a college graduate
外,ガイ；そと,outside,6
外国,がいこく,foreign country
外国人,がいこくじん,foreigner
外,そと,outside
海外,かいがい,overseas
外交,がいこう,diplomacy
国,コク；ゴク；くに,country,6
中国,ちゅうごく,China
天国,てんごく,heaven
外国,がいこく,foreign country
外国人,がいこくじん,foreigner
国,くに,country
帰国,きこく,going home
国立大学,こくりつだいがく,national university
国歌,こっか,national anthem
国連,こくれん,United Nations
英国,えいこく,England
米国,べいこく,U.S.A.
島国,しまぐに,an island nation
国立,こくりつ,national
国会議員,こっかいぎいん,member of National Diet
農業国,のうぎょうこく,agricultural country
工業国,こうぎょうこく,industrialized nation
国民,こくみん,a people; a nation
先進国,せんしんこく,advanced nations
共和国,きょうわこく,a republic
京,キョウ,capital,7
東京,とうきょう,Tokyo
京子,きょうこ,Kyoko
京都,きょうと,Kyoto
東京駅,とうきょうえき,Tokyo Station
東京都,とうきょうと,Tokyo (metropolis)
京都府,きょうとふ,Kyoto Prefecture
京都,きょうと,Kyoto
子,こ；シ,child,7
子供の時,こどものとき,in one's childhood
京子,きょうこ,Kyoko
子供,こども,child
女の子,おんなのこ,girl
男の子,おとこのこ,boy
電子メール,でんしメール,e-mail
子供,こども,child
竹の子,たけのこ,a bamboo shoot
利子,りし,(bank) interest
原子,げんし,an atom
調子,ちょうし,condition; tone
小,ちい；ショウ,small,7
小川さん,おがわさん,Mr./Ms. Ogawa
小さい,ちいさい,small
小学校,しょうがっこう,elementary school
小学生,しょうがくせい,elementary school student
小野さん,おのさん,Mr. / Mrs. Ono
小説,しょうせつ,novel
小林,こばやし,(a Japanese surname)
小雨,こさめ,light rain; drizzle
会,あ；カイ,to meet,7
会う,あう,to meet
会社,かいしゃ,company
会社員,かいしゃいん,office worker
会話,かいわ,conversation
教会,きょうかい,church
英会話,えいかいわ,English conversation
社会,しゃかい,society
閉会する,へいかいする,to close a meeting
都会,とかい,an urban area
送別会,そうべつかい,a farewell party
会議,かいぎ,a conference
議会,ぎかい,Parliament
会員,かいいん,a member of an association
国会議員,こっかいぎいん,member of National Diet
会議室,かいぎしつ,a conference room
会談する,かいだんする,to hold a conference
機会,きかい,an opportunity; a chance
忘年会,ぼうねんかい,a year-end party
社,シャ；ジャ,company,7
会社,かいしゃ,company
会社員,かいしゃいん,office worker
神社,じんじゃ,shrine
社会,しゃかい,society
旅行社,りょこうしゃ,travel agency
商社,しょうしゃ,a trading company
退社する,たいしゃする,to leave the office
父,ちち；とう；フ,father,7
父,ちち,father
お父さん,おとうさん,father
父母,ふぼ,father and mother
父親,ちちおや,father
母,はは；かあ；ボ,mother,7
母の日,ははのひ,Mother's Day
父母,ふぼ,father and mother
母,はは,mother
お母さん,おかあさん,mother
母語,ぼご,mother tongue
高,たか；コウ,high,7
高い,たかい,expensive; high
高校,こうこう,high school
高校生,こうこうせい,high school student
私立高校,しりつこうこう,private high school
最高,さいこう,the best
残高,ざんだか,balance; remainder
高速道路,こうそくどうろ,highway; freeway
高価な,こうかな,expensive
高原,こうげん,highlands
校,コウ,school,7
学校,がっこう,school
小学校,しょうがっこう,elementary school
高校,こうこう,high school
高校生,こうこうせい,high school student
中学校,ちゅうがこう,junior high school
私立高校,しりつこうこう,private high school
公立学校,こうりつがっこう,public school
毎,マイ,every,7
毎日,まいにち,every day
毎週,まいしゅう,every week
毎晩,まいばん,every night
毎週,まいしゅう,every week
語,ゴ,word,7
日本語,にほんご,Japanese language
母語,ぼご,mother tongue
言語学,げんごがく,linguistics
英語,えいご,English language
類義語,るいぎご,a synonym
文,ブン,sentence,7
文学,ぶんがく,literature
作文,さくぶん,composition
文字,もじ,letter; character
文字,もじ,character
注文する,ちゅうもんする,to order
文化,ぶんか,culture
文,ぶん,a sentence
文部省,もんぶしょう,the Ministry of Education
文具,ぶんぐ,stationery
論文,ろんぶん,a thesis; a paper
帰,かえ；キ,to return,7
帰る,かえる,to return
帰国,きこく,going home
連れて帰る,つれてかえる,to take home
帰宅する,きたくする,to go home
入,はい；いり；い；ニュウ,to enter,7
入る,はいる,to enter
入口,いりぐち,entrance
入れる,いれる,to put something in
輸入,ゆにゅう,import
記入する,きにゅうする,to fill in
押入れ,おしいれ,a closet
員,イン,member,8
会社員,かいしゃいん,office worker
店員,てんいん,store attendant
駅員,えきいん,station attendant
全員,ぜんいん,all members
定員,ていいん,an admission limit
会員,かいいん,a member of an association
国会議員,こっかいぎいん,member of National Diet
新,あたら；シン,new,8
新しい,あたらしい,new
新幹線,しんかんせん,Bullet Train
新聞,しんぶん,newspaper
新雪,しんせつ,new snow
新婚旅行,しんこんりょこう,a honeymoon
聞,き；ブン,to listen,8
新聞,しんぶん,newspaper
聞く,きく,to listen
作,つく；サク,to make,8
作文,さくぶん,composition
作る,つくる,to make
作品,さくひん,artistic piece
作品,さくひん,piece of work
荷作りする,にづくりする,to pack
仕,シ,to serve,8
仕事,しごと,job
力仕事,ちからしごと,physical labor such as construction
仕える,つかえる,to serve
仕方,しかた,how to; a method
事,ごと；こと；ジ,thing,8
仕事,しごと,job
事,こと,thing
食事,しょくじ,meal
火事,かじ,fire
力仕事,ちからしごと,physical labor such as construction
工事,こうじ,construction
事務所,じむしょ,office
返事,へんじ,an answer
事故,じこ,an accident
記事,きじ,an article
用事,ようじ,business; an engagement; a thing to take care of
交通事故,こうつうじこ,traffic accident
県知事,けんちじ,prefectural governor
事実,じじつ,a fact
電,デン,electricity,8
電気,でんき,electricity
電子メール,でんしメール,e-mail
電車,でんしゃ,train
電話,でんわ,telephone
特急電車,とっきゅうでんしゃ,super express train
留守番電話,るすばんでんわ,answering machine
電話番号,でんわばんごう,a telephone number
終電,しゅうでん,the last train
電話局,でんわきょく,a telephone office
車,くるま；シャ,car,8
電車,でんしゃ,train
車,くるま,car
自転車,じてんしゃ,bicycle
自動車,じどうしゃ,automobile
特急電車,とっきゅうでんしゃ,super express train
馬車,ばしゃ,a carriage
寝台車,しんだいしゃ,sleeping car
発車,はっしゃ,departure of a vehicle
車両,しゃりょう,vehicles; cars
歯車,はぐるま,a gear
休,やす；キュウ,to rest,8
休む,やすむ,to be absent; to rest
休み,やすみ,holiday; absence
休日,きゅうじつ,holiday
連休,れんきゅう,consecutive holidays
夏休み,なつやすみ,summer vacation
冬休み,ふゆやすみ,winter vacation
言,い；ゲン,to say,8
言う,いう,to say
言語学,げんごがく,linguistics
読,よ；ドク,to read,8
読む,よむ,to read
読書,どくしょ,reading books
通読,つうどく,reading through; reading over
音読,おんよみ,'ON' reading
思,おも；シ,to think,8
思う,おもう,to think
不思議な,ふしぎな,mysterious
思い出す,おもいだす,to recall
思い出,おもいで,a memory
思考力,しこうりょく,thinking power; ability to think
次,つぎ；ジ,next,8
次,つぎ,next
次女,じじょ,one's second daughter
目次,もくじ,table of contents
次ぐ,つぐ,to be next
次回,じかい,next time
何,なに；なん,what,8
何,なに,what
何時,なんじ,what time
何人,なんにん,how many people
午,ゴ,noon,9
午前,ごぜん,A.M.
午後,ごご,P.M.;  in the afternoon
午前中,ごぜんちゅう,in the morning
後,ゴ；あと；うし,after,9
午後,ごご,P.M.;  in the afternoon
後で,あとで,later
後ろ,うしろ,back; behind
最後に,さいごに,lastly
最後に,さいごに,lastly
後期,こうき,last term
以後,いご,after than
直後,ちょくご,immediately after
前,まえ；ゼン,before,9
午前,ごぜん,A.M.
午前中,ごぜんちゅう,in the morning
前,まえ,before; front
名前,なまえ,name
寒冷前線,かんれいぜんせん,a cold front
前払い,まえばらい,payment in advance
前期,ぜんき,first term
以前,いぜん,previously
名,な；メイ,name,9
名前,なまえ,name
有名な,ゆうめいな,famous
名刺,めいし,name card
有名な,ゆうめいな,famous
名案,めいあん,a good idea
白,しろ；ハク,white,9
白鳥,はくちょう,swan
真白,まっしろ,real white
白,しろ,white color
白い,しろい,white
白紙,はくし,blank paper
面白い,おもしろい,interesting
雨,あめ；ウ,rain,9
雨,あめ,rain
雨期,うき,rainy season
大雨,おおあめ,heavy rain
小雨,こさめ,light rain; drizzle
書,か；ショ,to write,9
書く,かく,to write
辞書,じしょ,dictionary
書道,しょどう,calligraphy
図書館,としょかん,library
履歴書,りれきしょ,personal history; curriculum vitae; resume
借用書,しゃくようしょ,an IOU
投書する,とうしょする,to send a letter to the editor
願書,がんしょ,an application
辞書,じしょ,a dictionary
書店,しょてん,bookshop
報告書,ほうこくしょ,a report
書類,しょるい,paper; documents
友,とも；ユウ,friend,9
友達,ともだち,friend
親友,しんゆう,best friend
友人,ゆうじん,friend
親友,しんゆう,best friend
間,カン；あいだ,between,9
二日間,ふつかかん,two days
時間,じかん,time
二時間,にじかん,two hours
間,あいだ,between
人間,にんげん,human being
一週間,いっしゅうかん,one week
間違える,まちがえる,to make a mistake
短時間,たんじかん,a short time
間違い,まちがい,a mistake
間接,かんせつ,indirect(ly)
期間,きかん,a period
家,いえ；カ,house,9
家,いえ,house
家,うち,house; home
画家,がか,painter
家族,かぞく,family
家内,かない,my wife
政治家,せいじか,a politician
農家,のうか,a farm house
家具,かぐ,furniture
芸術家,げいじゅつか,an artist
話,はな；はなし；ワ,to speak,9
電話,でんわ,telephone
話す,はなす,to speak
話,はなし,talk; story
会話,かいわ,conversation
手話,しゅわ,sign language
昔話,むかしばなし,old tale
世話,せわ,care
留守番電話,るすばんでんわ,answering machine
英会話,えいかいわ,English conversation
電話番号,でんわばんごう,a telephone number
話し合う,はなしあう,to consult
受話器,じゅわき,a telephone receiver
談話室,だんわしつ,a lounge
電話局,でんわきょく,a telephone office
少,すこ；すく；ショウ,little,9
少し,すこし,little
少ない,すくない,few
少々,しょうしょう,a little
減少,げんしょう,to decrease; to reduce
古,ふる；コ,old,9
古い,ふるい,old (for things)
中古,ちゅうこ,secondhand
考古学,こうこがく,archaeology
知,し；チ,to know,9
知る,しる,to know
知人,ちじん,acquaintance
知らせる,しらせる,to let know; to inform
知識,ちしき,knowledge
通知する,つうちする,to inform
県知事,けんちじ,prefectural governor
お知らせ,おしらせ,a notice
知覚,ちかく,perception
来,く；き；こ；ライ,to come,9
来る,くる,to come
来ない,こない,not to come
来週,らいしゅう,next week
来ます,きます,to come
来年,らいねん,next year
住,す；ジュウ,to live,10
住む,すむ,to live
住所,じゅうしょ,address
住宅,じゅうたく,housing
住宅難,じゅうたくなん,housing shortage
正,ショウ；ただ,right,10
お正月,おしょうがつ,New Year
正しい,ただしい,right
正座する,せいざする,to sit up straight; to sit in the formal Japanese style
正式,せいしき,formal; official
正答,せいとう,a correct answer
正直な,しょうじきな,honest
年,ネン；とし,year,10
一年生,いちねんせい,first-year student
二年生,にねんせい,second-year student
三年生,さんねんせい,third-year student
一年中,いちねんじゅう,all year round
来年,らいねん,next year
今年,ことし,this year
青年,せいねん,youth
去年,きょねん,last year
四年生,よねんせい,fourth-year student
忘年会,ぼうねんかい,a year-end party
売,う；バイ,to sell,10
売る,うる,to sell
売店,ばいてん,stand; stall
売り場,うりば,sales counter
商売,しょうばい,trade
発売,はつばい,a sale
買,か,to buy,10
買う,かう,to buy
買い物,かいもの,shopping
町,まち；チョウ,town,10
町,まち,town
北山町,きたやままち,Kitayama town
町長,ちょうちょう,mayor of a town
長,なが；チョウ,long,10
町長,ちょうちょう,mayor of a town
長い,ながい,long
長男,ちょうなん,one's first son
市長,しちょう,mayor
長野,ながの,Nagano
議長,ぎちょう,a chairman
道,みち；ドウ,way,10
道,みち,way; road
書道,しょどう,calligraphy
北海道,ほっかいどう,Hokkaido
柔道,じゅうどう,judo
神道,しんとう,Shinto religion
赤道,せきどう,the equator
鉄道,てつどう,a railroad
道路,どうろ,a road; a street
高速道路,こうそくどうろ,highway; freeway
東海道線,とうかいどうせん,the Tokaido line
道具,どうぐ,a tool; an instrument
報道,ほうどう,news
歩道橋,ほどうきょう,a pedestrian bridge
雪,ゆき；セツ,snow,10
雪,ゆき,snow
新雪,しんせつ,new snow
立,た；リツ,to stand,10
私立大学,しりつだいがく,private university
立つ,たつ,to stand
国立大学,こくりつだいがく,national university
私立高校,しりつこうこう,private high school
起立する,きりつする,to stand up
公立,こうりつ,public
公立学校,こうりつがっこう,public school
国立,こくりつ,national
立場,たちば,a standpoint
私立,しりつ,private
自,ジ,self,10
自分,じぶん,oneself
自転車,じてんしゃ,bicycle
自動車,じどうしゃ,automobile
自宅,じたく,my house
自信,じしん,self-confidence
自由,じゆう,freedom; liberty
夜,よる；よ；ヤ,night,10
夜,よる,night
夜中,よなか,midnight
今夜,こんや,tonight
真夜中,まよなか,midnight
深夜,しんや,midnight
朝,あさ；チョウ,morning,10
朝,あさ,morning
今朝,けさ,this morning
朝食,ちょうしょく,breakfast
早朝,そうちょう,early morning
朝ご飯,あさごはん,breakfast
持,も；ジ,to hold,10
持つ,もつ,to hold
持ってくる,もってくる,to bring
所持品,しょじひん,belongings
手,て；シュ,hand,11
上手な,じょうずな,good at
下手な,へたな,poor at
手,て,hand
手紙,てがみ,letter
歌手,かしゅ,singer
手話,しゅわ,sign language
空手,からて,karate
切手,きって,postage stamp
相手,あいて,partner
助手,じょしゅ,helper; assistant
手荷物,てにもつ,hand luggage; hand baggage
選手,せんしゅ,a player
運転手,うんてんしゅ,driver; chauffeur
手当,てあて,medical treatment
投手,とうしゅ,a pitcher
手術,しゅじゅつ,an operation
紙,がみ；かみ；シ,paper,11
手紙,てがみ,letter
紙,かみ,paper
和紙,わし,Japanese paper
用紙,ようし,blank form
白紙,はくし,blank paper
折り紙,おりがみ,paper folding
紙人形,かみにんぎょう,paper doll
好,す；コウ；この,favorite; to like,11
好きな,すきな,to like
好意,こうい,good will
好み,このみ,liking; taste
近,ちか；キン,near,11
近く,ちかく,nearby
最近,さいきん,recently
中近東,ちゅうきんとう,the Middle and Near East
近所,きんじょ,neighborhood
近代史,きんだいし,modern science
明,あか；メイ,bright,11
明るい,あかるい,cheerful; bright
明日,あした,tomorrow
説明,せつめい,explanation
説明する,せつめいする,to explain
明治,めいじ,Meiji Era
病,ビョウ,ill; sick,11
病院,びょういん,hospital
重病,じゅうびょう,serious illness
急病,きゅうびょう,sudden illness
病気が悪くなった,びょうきがわるくなった,condition (illness) became worse
院,イン,institution,11
病院,びょういん,hospital
大学院,だいがくいん,graduate school
美容院,びよういん,beauty parlor
退院する,たいいんする,to leave hospital
医院,いいん,doctor's office
映,エイ；うつ,to reflect,11
映画,えいが,movie
映画館,えいがかん,movie theater
映る,うつる,to be reflected
上映する,じょうえいする,to show (a movie)
映す,うつす,to reflect
反映する,はんえいする,to reflect
画,ガ；カク,picture,11
映画,えいが,movie
映画館,えいがかん,movie theater
画家,がか,painter
計画,けいかく,plan
日本画,にほんが,a Japanese painting
画面,がめん,a screen (TV/movie)
画数,かくすう,stroke count number
歌,うた；カ,to sing,11
歌手,かしゅ,singer
歌う,うたう,to sing
国歌,こっか,national anthem
歌,うた,song
市,シ；いち,city,11
川口市,かわぐちし,Kawaguchi city
市役所,しやくしょ,city hall
市場,いちば,market
市長,しちょう,mayor
都市,とし,a big city
市民,しみん,a citizen
所,ところ；どころ；ジョ；ショ,place,11
住所,じゅうしょ,address
所持品,しょじひん,belongings
近所,きんじょ,neighborhood
市役所,しやくしょ,city hall
いろいろな所,いろいろなところ,various places
近所,きんじょ,neighborhood
台所,だいどころ,kitchen
場所,ばしょ,place
案内所,あんないしょ,information desk
便所,べんじょ,a toilet
区役所,くやくしょ,a ward office
研究所,けんきゅうじょ,research institute
事務所,じむしょ,office
洗面所,せんめんじょ,a washroom; a toilet
台所,だいどころ,kitchen
所得,しょとく,income
勉,ベン；つと,to make efforts,11
勉強する,べんきょうする,to study
勉める,つとめる,to try hard
勤勉な,きんべんな,diligent
強,キョウ；ゴウ；つよ,strong,11
勉強する,べんきょうする,to study
強い,つよい,strong
強情な,ごうじょうな,obstinate
有,ユウ；あ,to exist,11
有名な,ゆうめいな,famous
有料,ゆうりょう,toll; fee
有る,ある,to exist
有利,ゆうり,advantageous
有効,ゆうこう,validity
旅,リョ；たび,travel,11
旅行,りょこう,travel
旅館,りょかん,inn
一人旅,ひとりたび,traveling alone
旅行社,りょこうしゃ,travel agency
新婚旅行,しんこんりょこう,a honeymoon
旅,たび,a trip
旅行する,りょこうする,to travel
旅費,りょひ,traveling expenses
旅行者,りょこうしゃ,tourist
昔,むかし,ancient times,12
昔,むかし,old times
昔話,むかしばなし,old tale
昔々,むかしむかし,once upon a time
々,,symbol of repetition of a kanji,12
時々,ときどき,sometimes
昔々,むかしむかし,once upon a time
人々,ひとびと,people
色々な,いろいろな,various
別々に,べつべつに,separately
神,かみ；ジン；シン,God,12
神さま,かみさま,God
神道,しんとう,Shinto religion
神社,じんじゃ,shrine
早,はや；ツウ,early,12
早い,はやい,early
早起きする,はやおきする,to get up early
早朝,そうちょう,early morning
早春,そうしゅん,early spring
起,お；キ,to get up,12
早起きする,はやおきする,to get up early
起きる,おきる,to get up
起こす,おこす,to wake someone up
起立する,きりつする,to stand up
起こる,おこる,to happen; to occur
牛,うし；ギュウ,cow,12
牛,うし,cow
牛乳,ぎゅうにゅう,milk
牛肉,ぎゅうにく,beef
牛肉,ぎゅうにく,beef
使,つか；シ,to use,12
使う,つかう,to use
大使,たいし,ambassador
使用中,しようちゅう,"Occupied"
大使館,たいしかん,embassy
使用する,しようする,to use
使い方,つかいかた,way of using; directions for use
働,はたら；ばたら；ドウ,to work,12
働く,はたらく,to work
共働き,ともばたらき,both husband and wife working for a living
労働,るうどう,labor
連,つ；レン,to link,12
連れて帰る,つれてかえる,to take home
国連,こくれん,United Nations
連休,れんきゅう,consecutive holidays
連続する,れんぞくする,to continue
連なる,つらなる,to stand in a row
連れて行く,つれていく,to take (someone)
連日,れんじつ,day after day
連絡する,れんらくする,to contact; to inform
連絡先,れんらくさき,contact address
別,わか；ベツ,to separate,12
別れる,わかれる,to separate
別に,べつに,not in particular
差別,さべつ,discrimination
別々に,べつべつに,separately
特別な,とくべつな,special
区別する,くべつする,to distinguish
送別会,そうべつかい,a farewell party
別離,べつり,separation
度,ド,time; degrees,12
一生に一度,いっしょうにいちど,once in a life time
一度,いちど,once
今度,こんど,near future
温度,おんど,temperature
三十度,さんじゅうど,30 degrees
速度,そくど,speed
赤,あか；セキ,red,12
赤,あか,red color
赤い,あかい,red
赤ちゃん,あかちゃん,baby
赤道,せきどう,the equator
赤十字,せきじゅうじ,the Red Cross
赤字,あかじ,a deficit
青,あお；セイ,blue,12
青,あお,blue color
青い,あおい,blue
青年,せいねん,youth
青春,せいしゅん,youth
色,いろ；シキ；ショク,color,12
色々な,いろいろな,various
色,いろ,color
景色,けしき,scenery
特色,とくしょく,characteristic
茶色,ちゃいろ,brown
原色,げんしょく,primary colors
特色,とくしょく,a characteristic
顔色,かおいろ,complexion
物,もの；ブシ,thing,13
見物,けんぶつ,sightseeing
食べ物,たべもの,food
飲み物,のみもの,drink
買い物,かいもの,shopping
物,もの,thing
動物,どうぶつ,animal
着物,きもの,kimono
動物,どうぶつ,animal
乗り物,のりもの,vechicle
建物,たてもの,building
荷物,にもつ,baggage; luggage
生物学,せいぶつがく,biology
手荷物,てにもつ,hand luggage; hand baggage
動物園,どうぶつえん,a zoo
博物館,はくぶつかん,museum
果物,くだもの,fruit
品物,しなもも,goods; articles
物価,ぶっか,commodity prices
忘れ物,わすれもの,a thing left behind
鳥,とり；チョウ,bird,13
鳥,とり,bird
焼き鳥,やきとり,grilled chicken
白鳥,はくちょう,swan
料,リョウ,ingredients; fare,13
料理,りょうり,cooking
料金,りょうきん,charge
給料,きゅうりょう,salary
授業料,じゅぎょうりょう,tuition; school fees
材料,ざいりょう,ingredients
原料,げんりょう,raw material
送料,そうりょう,postage
資料,しりょう,data; materials
食料品,しょくりょうひん,food
理,リ,reason,13
料理,りょうり,cooking
理由,りゆう,reason
無理,むり,impossible
心理学,しんりがく,psychology
真理,しんり,truth
理論,りろん,a theory
論理,ろんり,logic
特,トク；トッ,special,13
特に,とくに,especially
特別な,とくべつな,special
特急電車,とっきゅうでんしゃ,super express train
特急,ときゅう,a special express
特色,とくしょく,a characteristic
安,やす；アン,cheap; ease,13
安い,やすい,cheap
安心,あんしん,relief
不安な,ふあんな,uneasy
安いツアー,やすいツアー,cheap tour
飯,ハン,food; cooked rice,13
ご飯,ごはん,rice; meal
朝ご飯,あさごはん,breakfast
昼ご飯,ひるごはん,lunch
晩ご飯,ばんごはん,supper; dinner
肉,ニク,meat,13
牛肉,ぎゅうにく,beef
肉,にく,meat
牛肉,ぎゅうにく,beef
肉屋,にくや,meat shop
悪,わる；アク,bad; wrong,13
悪い,わるい,bad
気分が悪い,きぶんがわるい,to feel sick
最悪,さいあく,the worst
悪魔,あくま,devil
悪口,わるくち,speaking ill of
悪化する,あっかする,to change for the worse
悪性の,あくせいの,malignant
病気が悪くなった,びょうきがわるくなった,condition (illness) became worse
体,からだ；タイ,body,13
体,からだ,body
体重,たいしゅう,body weight
体操,たいそう,gymnastics; physical exercises
体育,たいいく,physical education
体育館,たいいくかん,gymnasium
体温計,たいおんけい,medical thermometer
空,クウ；そら；あ；から,sky; empty,13
空港,くうこう,airport
空気,くうき,air
空,そら,sky
空く,あく,to be vacant
空手,からて,karate
航空便,こうくうびん,air mail
港,コウ；みなと,port; harbor,13
空港,くうこう,airport
神戸港,こうべこう,Kobe Port
港,みなと,port
着,つき；チャク,to reach; to wear,13
着く,つく,to arrive
着る,きる,to wear
着物,きもの,kimono
大阪着,おおさかちゃく,arriving at Osaka
試着室,しちゃくしつ,a dressing room
到着する,とうちゃくする,to arrive
同,おな；ドウ,same,13
同じ,おなじ,same
同時,どうじ,same time; simultaneous
同情する,どうじょうする,to sympathize
同意する,どういする,to agree
〜に賛同する,〜にさんどうする,to approve of ~
共同,きょうどう,cooperation
海,うみ；カイ,sea,13
北海道,ほっかいどう,Hokkaido
海,うみ,sea
日本海,にほんかい,the Japan Sea
海外,かいがい,overseas
東海道線,とうかいどうせん,the Tokaido line
昼,ひる；チュウ,noon; daytime,13
昼,ひる,noon; daytime
昼ご飯,ひるごはん,lunch
昼食,ちゅうしょく,lunch
昼寝する,ひるねする,to take a nap
彼,かれ；かの,he,14
彼,かれ,he; boyfriend
彼女,かのじょ,she; girlfriend
代,ダイ；か,age; replace,14
世代,せだい,generation
現代的,げんだいてき,modern
時代,じだい,age; era
代わりに,かわりに,instead
近代史,きんだいし,modern science
現代,げんだい,modern times
留,リュウ；ル；と,to stay; to keep,14
留学生,りゅうがくせい,foreign students
留守,るす,absence from home
留守番電話,るすばんでんわ,answering machine
族,ゾク,family; tribe,14
家族,かぞく,family
民族,みんぞく,a race; a people
民族学,みんぞくがく,ethnology
水族館,すいぞくかん,an aquarium
親,おや；シン；した,parent; intimacy,14
父親,ちちおや,father
親切,しんせつ,kind
親友,しんゆう,best friend
両親,りょうしん,parents
親指,おやゆび,a thumb
親類,しんるい,relatives
切,セツ；き；きっ,to cut,14
親切,しんせつ,kind
切る,きる,to cut
大切,たいせつ,precious; important
切手,きって,postage stamp
適切な,てきせつな,appropriate
英,エイ,English; excellent,14
英語,えいご,English language
英国,えいこく,England
英会話,えいかいわ,English conversation
英和辞典,えいわじてん,an English-Japanese dictionary
店,みせ；テン,shop,14
売店,ばいてん,stand; stall
店,みせ,shop
店員,てんいん,store attendant
茶店,ちゃみせ,teahouse
喫茶店,きっさてん,cafe; coffeehouse
閉店する,へいてんする,to close a store
商店,しょうてん,a store
書店,しょてん,bookshop
去,キョ；コ；さ,past; to leave,14
去年,きょねん,last year
過去,かこ,the past
急,キュウ；いそ,to hurry; emergency,14
急病,きゅうびょう,sudden illness
急に,きゅうに,suddenly
急ぐ,いそぐ,to hurry
急行,きゅうこう,express train
特急電車,とっきゅうでんしゃ,super express train
準急,じゅんきゅう,a local express
特急,ときゅう,a special express
急用,きゅうよう,urgent business
乗,の；ジョウ,to ride,14
乗る,のる,to ride
乗り物,のりもの,vechicle
乗客,じょうきゃく,a passenger
当,トウ；あ,to hit,14
本当,ほんとう,really
当たる,あたる,to hit
適当な,てきとうな,proper
手当,てあて,medical treatment
当番,とうばん,duty
音,オン；おと；ね,sound,14
音楽,おんがく,music
発音,はつおん,pronunciation
音,おと,sound
足音,あしおと,footsteps
音読,おんよみ,'ON' reading
雑音,ざつおん,noise
楽,ガク；たの；ガッ；ラク,pleasure,14
音楽,おんがく,music
楽しい,たのしい,fun
楽しむ,たのしむ,to enjoy
楽な,楽な,easy; comfortable
打楽器,だがっき,a percussion instrument
楽器,がっき,a musical instrument
医,イ,doctor; medicine,14
医者,いしゃ,doctor
歯科医,しかい,a dentist
医院,いいん,doctor's office
者,シャ；もの,person,14
医者,いしゃ,doctor
者,しゃ,a person
科学者,かがくしゃ,a scientist
学者,がくしゃ,a scholar
記者,きしゃ,a reporter
打者,だしゃ,a batter
旅行者,りょこうしゃ,tourist
死,し；シ,death; to die,15
死ぬ,しぬ,to die
意,イ,mind; meaning,15
意味,いみ,meaning
注意する,ちゅういする,to watch out
同意する,どういする,to agree
意見,いけん,an opinion
意識,いしき,consciousness
意志,いし,an intention
用意する,よういする,to prepare
得意な,とくいな,to be good at
漢字の意味,かんじのいみ,kanji's meaning
味,ミ；あじ,flavor; taste,15
意味,いみ,meaning
趣味,しゅみ,hobby
興味,きょうみ,interest
味噌,みそ,soybean paste
味,あじ,taste
味わう,あじわう,to enjoy the taste
漢字の意味,かんじのいみ,kanji's meaning
注,チュウ；そそ,to pour; to shed,15
注意する,ちゅういする,to watch out
注ぐ,そそぐ,to pour
注文する,ちゅうもんする,to order
注,ちゅう,explanatory notes
注目する,ちゅうもくする,to pay attention
夏,なつ；カ,summer,15
夏,なつ,summer
夏休み,なつやすみ,summer vacation
冷夏,れいか,a cool summer
初夏,しょか,early summer
魚,さかな；うお；ギョ,fish,15
魚,さかな,fish
金魚,きんぎょ,goldfish
寺,てら；ジ,temple,15
お寺,おてら,temple
東大寺,とうだいじ,Todaiji Temple
広,ひろ；コウ,spacious; wide,15
広い,ひろい,wide; spacious
広場,ひろば,square; open space; plaza
広島,ひろしま,Hiroshima
広告,こうこく,advertisement
求人広告,きゅうじんこうこく,a help wanted advertisement
転,テン；ころ,to roll over,15
運転,うんてん,driving
自転車,じてんしゃ,bicycle
回転寿し,かいてんずし,rotating sushi
転ぶ,ころぶ,to tumble; to fall down
回転する,かいてんする,to rotate
運転手,うんてんしゅ,driver; chauffeur
横転する,おうてんする,to turn over
借,か；シャク；シャツ,to borrow,15
借りる,かりる,to borrow
借金,しゃっきん,a debt
借用書,しゃくようしょ,an IOU
走,はし；ソウ,to run,15
走る,はしる,to run
建,たて；た；ケン,to build,15
建物,たてもの,building
地,チ；ジ,ground,15
地下鉄,ちかてつ,subway
地図,ちず,map
地下,ちか,underground
地震,じしん,earthquake
遊園地,ゆうえんち,an amusement park
地区,ちく,a district
地方,ちほう,locality; district
土地,とち,plot of land; lot; soil
番地,ばんち,lot number (as part of an address)
関東地方,かんとうちほう,the Kanto District
台地,だいち,a plateau
地位,ちい,position
場,ば；ジョウ,place,15
広場,ひろば,square; open space; plaza
場所,ばしょ,place
村役場,むらやくば,a village office
工場,こうじょう,factory
場合,ばあい,case; situation
売り場,うりば,sales counter
立場,たちば,a standpoint
足,あし；た；ソク,foot; leg,15
足,あし,foot; leg
足りる,たりる,to be sufficient
不足,ふそく,insufficiency; shortage; deficiency; lack
遠足,えんそく,a picnic
足音,あしおと,footsteps
通,とお；かよ；ツウ,to pass; to commute,15
通る,とおる,to go through; to pass
通う,かよう,to commute
通読,つうどく,reading through; reading over
流通する,りゅうつうる,to circulate
交通,こうつう,traffic
通信,つうしん,correspondence
通路,つうろ,a passage
交通事故,こうつうじこ,traffic accident
交通機関,こうつうきかん,means of transportation
通信機関,つうしんきかん,communications or media organization
通知する,つうちする,to inform
通過する,つうかする,to pass
共通の,きょうつうの,common
供,ども；とも；そな；キョウ,companion; offer,16
子供の時,こどものとき,in one's childhood
子供,こども,child
共に,ともに,together
供える,そなえる,to offer something to the spirit
提供,ていきょう,offer
世,セ；セイ；よ,world; generation,16
世界,せかい,the world
世話,せわ,care
世代,せだい,generation
三世,さんせい,third generation
世の中,よのなか,the society
界,カイ,world,16
世界,せかい,the world
全,ゼン；まった,all,16
全部,ぜんぶ,all
全然,ぜんぜん,not at all
全員,ぜんいん,all members
部,ブ；へ,part; section,16
全部,ぜんぶ,all
部屋,へや,room
文部省,もんぶしょう,the Ministry of Education
頭部,とうぶ,the head
始,はじ；シ,to begin,16
始まる,はじまる,(something) begins
始める,はじめる,to begin (something)
開始する,かいしする,to begin
始発,しはつ,the first train
週,シュウ,week,16
先週,せんしゅう,last week
毎週,まいしゅう,every week
一週間,いっしゅうかん,one week
来週,らいしゅう,next week
毎週,まいしゅう,every week
先週,せんしゅう,last week
週末,しゅうまつ,weekend
週刊誌,しゅうかんし,a weekly magazine
以,イ,by means of; compared with,16
〜以上,〜いじょう,... or more
以上,いじょう,more than
以下,いか,less than
以前,いぜん,previously
以後,いご,after than
考,かんが；コウ,to think; idea,16
考える,かんがえる,to think
思考力,しこうりょく,thinking power; ability to think
考古学,こうこがく,archaeology
考え,かんがえ,a thought; an idea
選考する,せんこうする,to select
開,あ；ひら；カイ,to open,16
開ける,あける,to open (something)
公開する,こうかいする,to open to the public
開始する,かいしする,to begin
屋,や；オク,shop; house,16
屋上,おくじょう,rooftop
肉屋,にくや,meat shop
部屋,へや,room
本屋,ほんや,bookstore
酒屋,さかや,a liquor shop
薬屋,くすりや,a chemist's shop; a pharmacy
方,かた；がた；ホウ,direction; person,16
味方,みかた,person on one's side
地方,ちほう,locality; district
使い方,つかいかた,way of using; directions for use
仕方,しかた,how to; a method
〜方面,〜ほうめん,in the direction of ~
関東地方,かんとうちほう,the Kanto District
方向,ほうこう,a direction
両方,りょうほう,both
運,ウン；はこ,transport; luck,16
運動,うんどう,exercise
運転,うんてん,driving
運ぶ,はこぶ,to carry from one place to another; transport
運,うん,luck; fortune
運送,うんそう,conveyance
運転手,うんてんしゅ,driver; chauffeur
運営する,うんえいする,to manage
動,ドウ；うご,to move,16
動物,どうぶつ,animal
活動,かつどう,activity
感動する,かんどうする,to be moved
動物園,どうぶつえん,a zoo
移動する,いどうする,to move; to remove
教,おし；キョウ,to teach,16
教える,おしえる,to teach
教室,きょうしつ,classroom
教会,きょうかい,church
教科書,きょうかしょ,textbook
教授,きょうじゅ,professor; teaching; instruction
教育,きょういく,education
説教する,せっきょうする,to preach
教育水準,きょういくすいじゅん,level of education
室,シツ,room,16
教室,きょうしつ,classroom
暗室,あんしつ,a dark room
〜号室,〜ごうしつ,Room ~
寝室,しんしつ,bedroom
温室,おんしつ,a greenhouse
会議室,かいぎしつ,a conference room
試着室,しちゃくしつ,a dressing room
談話室,だんわしつ,a lounge
歳,サイ；セイ,year; age,17
二十歳,にじゅうさい,twenty-five years old
二十歳,はたち,twenty years old
習,なら；シュウ,to learn,17
習う,ならう,to learn
練習,れんしゅう,practice
主,おも；シュ；ぬし,main; lord,17
主に,おもに,mainly
ご主人,ごしゅじん,husband
主婦,しゅふ,housewife
資本主義,しほんしゅぎ,capitalism
結,ケッ；ケツ；むす,to tie; to join,17
結婚する,けっこんする,to marry
結果,けっか,result
結ぶ,むすぶ,to bind; to connect
結論,けつろん,a conclusion
結婚式,けっこんしき,a wedding
婚,コン,marriage,17
結婚する,けっこんする,to marry
離婚,りこん,divorce
婚約する,こんやくする,to get engaged
新婚旅行,しんこんりょこう,a honeymoon
離婚する,りこんする,to divorce
結婚式,けっこんしき,a wedding
集,あつ；シュウ,to gather,17
集める,あつめる,to collect
発,ハッ；ハツ；パツ,to start; to reveal,17
発音,はつおん,pronunciation
始発,しはつ,the first train
活発な,かっぱつな,active
出発する,しゅっぱつする,to depart
発売,はつばい,a sale
発行,はっこう,publication
発車,はっしゃ,departure of a vehicle
発表する,はっぴょうする,to make public; to give a presentation; to announce
表,ピョウ；ヒョウ；あらわ,to express; surface,17
表面,ひょうめん,a surface
表情,ひょうじょう,facial expression
表す,あらわす,to express; to show
表現,ひょうげん,an expression
発表する,はっぴょうする,to make public; to give a presentation; to announce
品,ヒン；しな,goods; refinement,17
作品,さくひん,artistic piece
所持品,しょじひん,belongings
作品,さくひん,piece of work
商品,しょうひん,goods
品物,しなもも,goods; articles
食料品,しょくりょうひん,food
上品な,じょうひんな,elegant
品質,ひんしつ,quality
下品,げひん,vulgar
字,ジ,character; letter,17
文字,もじ,letter; character
赤十字,せきじゅうじ,the Red Cross
文字,もじ,character
漢字,かんじ,Chinese character
黒字,くろじ,a profit; surplus
赤字,あかじ,a deficit
活字,かつじ,printed type
漢字の意味,かんじのいみ,kanji's meaning
活,カツ；カッ,lively,17
活動,かつどう,activity
生活,せいかつ,(daily) life
活字,かつじ,printed type
活発な,かっぱつな,active
活用形,かつようけい,conjugation form
写,シャ；うつ,to copy,17
写真,しゃしん,photograph
写す,うつす,to copy
写る,うつる,to be photographed
真,シン；ま,true; reality,17
写真,しゃしん,photograph
真ん中,まんなか,center
真夜中,まよなか,midnight
真理,しんり,truth
真白,まっしろ,real white
真剣,しんけん,serious
歩,ある；ホ；ポ,to walk,17
歩く,あるく,to walk
歩道橋,ほどうきょう,a pedestrian bridge
進歩する,しんぽする,to progress
初歩,しょほ,the first steps
野,ヤ；の,field,17
分野,ぶんや,realm; field
小野さん,おのさん,Mr. / Mrs. Ono
長野,ながの,Nagano
野球,やきゅう,baseball
野菜,やさい,vegetable
野原,のはら,a field
野山,のやま,hills and fields
野菜,やさい,vegetables
目,モク；め,eye,18
一行目,いちぎょうめ,first line
目的,もくてき,purpose
目,め,eyes
目上の人,めうえのひと,one\'s superiors
目次,もくじ,table of contents
目薬,めぐすり,eye drops; eyewash
注目する,ちゅうもくする,to pay attention
目覚まし時計,めざましどけい,an alarm clock
的,テキ；まと,target; -ish,18
目的,もくてき,purpose
現代的,げんだいてき,modern
的,まと,target
実用的な,じつようてきな,practical
力,ちから；リョク；リキ,power,18
力仕事,ちからしごと,physical labor such as construction
力士,りきし,sumo wrestler
馬力,ばりき,horsepower (h.p.)
思考力,しこうりょく,thinking power; ability to think
引力,いんりょく,gravitational force
洋,ヨウ,ocean; overseas,18
洋服,ようふく,Western clothes
大西洋,たいせいよう,the Atlantic
洋酒,ようしゅ,foreign liquors
西洋,せいよう,the West
東洋,とうよう,the East; the Orient
洋食,ようしょく,Western food
服,フク,clothes,18
洋服,ようふく,Western clothes
服,ふく,clothes
和服,わふく,Japanese kimono
服用する,ふくようする,to take (medicine)
薬を服用,くすりをふくよう,to take medicine
礼服,れいふく,ceremonial dress
堂,ドウ,hall,18
食堂,しょくどう,dining room
授,ジュ；さずか,to instruct,18
授業,じゅぎょう,class
教授,きょうじゅ,professor; teaching; instruction
授業中,じゅぎょうちゅう,during class
授業料,じゅぎょうりょう,tuition; school fees
業,ギョウ,business; vocation,18
授業,じゅぎょう,class
卒業,そつぎょう,graduation
授業中,じゅぎょうちゅう,during class
授業料,じゅぎょうりょう,tuition; school fees
卒業する,そつぎょうする,to graduate
卒業式,そつぎょうしき,graduation ceremony
残業,ざんぎょう,over-time work
林業,りんぎょう,forestry
工業,こうぎょう,industry; manufacturing
農業,のうぎょう,agriculture
商業,しょうぎょう,commerce
産業,さんぎょう,industry
農業国,のうぎょうこく,agricultural country
工業国,こうぎょうこく,industrialized nation
営業する,えいぎょうする,to carry on business
卒業生,そつぎょうせい,a graduate
失業する,しつぎょうする,to lose one's job
試,シ；こころ,test; to try,18
試験,しけん,exam
試みる,こころみる,to try
試す,ためす,to test
試合,しあい,a game
試着室,しちゃくしつ,a dressing room
験,ケン,to examine,18
試験,しけん,exam
経験,けいけん,experience
実験,じっけん,experiment
受験する,じゅけんする,to take the exam
実験する,じっけんする,to experiment
貸,か；タイ,to lend; load,18
貸す,かす,to lend
貸し出し,かしだし,loaning out
賃貸,ちんたい,a rental condominium
図,ト；ズ；はか,drawing; to devise,18
図書館,としょかん,library
地図,ちず,map
天気図,てんきず,weather map
館,カン,building; hall,18
映画館,えいがかん,movie theater
旅館,りょかん,inn
図書館,としょかん,library
体育館,たいいくかん,gymnasium
博物館,はくぶつかん,museum
大使館,たいしかん,embassy
水族館,すいぞくかん,an aquarium
終,お；シュウ,end,18
終わる,おわる,to come to an end
終わり,おわり,end
終える,おえる,to finish something
終電,しゅうでん,the last train
終点,しゅうてん,the terminus
宿,シュク；やど,inn; to lodge in,18
宿題,しゅくだい,homework
合宿,がっしゅく,a training campu
宿泊する,しゅくはくする,to stay the night
題,ダイ,title; topic,18
宿題,しゅくだい,homework
問題,もんだい,problem; issue
春,はる；シュン,spring,19
春,はる,spring
青春,せいしゅん,youth
春分の日,しゅんぶんのひ,the vernal equinox day
早春,そうしゅん,early spring
秋,あき；シュウ,autumn,19
秋,あき,autumn
秋学期,あきがっき,fall semester
秋分の日,しゅうぶんのひ,the autumnal equinox day
晩秋,ばんしゅう,late autumn
冬,ふゆ；トウ,winter,19
冬,ふゆ,winter
冬休み,ふゆやすみ,winter vacation
暖冬,だんとう,a mild winter
花,はな；カ,flower,19
花,はな,flower
花見,はなみ,flower viewing
花火,はなび,fireworks
様,さま；ヨウ,Mr.; Ms.; condition,19
様,さま,Mr./Ms.
お客様,おきゃくさま,dear customer
不,フ；ブ,negative; non-,19
不安な,ふあんな,uneasy
不足,ふそく,insufficiency; shortage; deficiency; lack
姉,あね；ねえ；シ,older sister,19
姉,あね,older sister
お姉さん,おねえさん,older sister
兄,あに；にい；キョウ；ケイ,older brother,19
兄,あに,older brother
お兄さん,おにいさん,older brother
兄弟,きょうだい,brothers; siblings
漢,カン,China,19
漢字,かんじ,Chinese character
漢字の意味,かんじのいみ,kanji's meaning
卒,ソツ,to graduate,19
卒業する,そつぎょうする,to graduate
卒業,そつぎょう,graduation
卒業式,そつぎょうしき,graduation ceremony
卒業生,そつぎょうせい,a graduate
大学卒,だいがくそつ,a college graduate
工,コウ；ク,craft; construction,19
工学,こうがく,engineering
工事,こうじ,construction
工場,こうじょう,factory
工業,こうぎょう,industry; manufacturing
工業国,こうぎょうこく,industrialized nation
加工する,かこうする,to process
研,ケン；と,to polish; study,19
研究,けんきゅう,research
研究室,けんきゅうしつ,professor's office
研究所,けんきゅうじょ,research institute
研究機関,けんきゅうきかん,research organization
究,キュウ；きわ,research,19
研究,けんきゅう,research
研究室,けんきゅうしつ,professor's office
研究所,けんきゅうじょ,research institute
研究機関,けんきゅうきかん,research organization
質,シツ；シチ,quality; matter,19
質問,しつもん,question
品質,ひんしつ,quality
問,モン；と,question,19
問題,もんだい,problem; issue
質問,しつもん,question
問題,もんだい,problem
訪問する,ほうもんする,to pay a visit
多,おお；タ,many; much,19
多い,おおい,many
多忙な,たぼうな,very busy
皿,さら；ざら,plate,20
皿,さら,plate; dish
声,こえ；セイ,voice,20
声,こえ,voice
茶,チャ；サ,tea,20
お茶,おちゃ,Japanese tea
茶店,ちゃみせ,teahouse
茶色,ちゃいろ,brown
喫茶店,きっさてん,cafe; coffeehouse
紅茶,こうちゃ,black tea
止,と；シ,to stop,20
止まる,とまる,(something) stops
静止,せいし,to stand still
枚,マイ,sheet of ...,20
一枚,いちまい,one sheet
両,リョウ,both,20
両親,りょうしん,parents
両替,りょうがえ,exchange of money
車両,しゃりょう,vehicles; cars
両方,りょうほう,both
無,ム；ブ；な,none,20
無理,むり,impossible
無効,むこう,invalidity
無礼な,ぶれいな,rude
払,はら；ばら,to pay,20
払う,はらう,to pay
支払い,しはらい,payment
前払い,まえばらい,payment in advance
心,こころ；シン,heart; mind,20
安心,あんしん,relief
心,こころ,heart
心配する,しんぱいする,to worry
心配な,しんぱいな,worried about
熱心な,ねしんな,eager; enthusiastic
良心,りょうしん,conscience
決心する,けっしんする,to make up one's mind
心理学,しんりがく,psychology
関心,かんしん,interest
感心する,かんしんする,to be impressed
笑,わら；え；ショウ,to laugh,20
笑う,わらう,to laugh
微笑む,ほほえむ,to smile
笑顔,えがお,a smiling face
絶,ゼッ；た；ゼツ,to discontinue,20
絶対に,ぜったいに,definitely
絶えず,たえず,constantly
対,タイ；ツイ,opposite,20
絶対に,ぜったいに,definitely
対談,たいだん,a face-to-face talk
対比する,たいひする,to contrast
〜に対して,〜にたいして,against ~
反対する,はんたいする,to oppose
対応,たいおう,correspondence
２対３,２たい３,2 to 3
痛,いた；ツウ,pain,20
痛い,いたい,painful
頭痛,ずつう,headache
最,サイ；もっと,utmost,20
最悪,さいあく,the worst
最高,さいこう,the best
最後に,さいごに,lastly
最初,さいしょ,first
最良,さいりょう,the best
続,つづ；ゾク,to continue,20
続く,つづく,to continue
続ける,つづける,to continue (something)
連続する,れんぞくする,to continue
相続する,そうぞくする,to inherit
信,シン,to trust; to believe in,21
信じる,しんじる,to believe
信号,しんごう,a traffic light
返信する,へんしんする,to reply (by letter)
信用する,しんようする,to trust
通信,つうしん,correspondence
通信機関,つうしんきかん,communications or media organization
自信,じしん,self-confidence
経,ケイ,to pass through,21
経験,けいけん,experience
経済学,けいざいがく,economics
経営する,けいえいする,to run an enterprise
経由,けいゆ,via; by way of
台,タイ；ダイ,stand,21
台所,だいどころ,kitchen
台風,たいふう,typoon
二台,にだい,two vechicles/machines/etc.
寝台車,しんだいしゃ,sleeping car
台所,だいどころ,kitchen
台,だい,a table; a platform
台地,だいち,a plateau
風,フウ；かぜ,wind,21
台風,たいふう,typoon
風,かぜ,wind
涼風,りょうふう,a cool breeze
北風,きたかぜ,a north wind
和風,わふう,Japanese style
犬,いぬ；ケン,dog,21
犬,いぬ,dog
初,はじ；ショ；はつ,first,21
初めは,はじめは,at first
初めて,はじめて,first time
最初,さいしょ,first
初夏,しょか,early summer
初歩,しょほ,the first steps
若,わか,young,21
若い,わかい,young
送,おく；ソウ,to send,21
送る,おくる,to send; to drop someone off
見送る,みおくる,to see someone off
送別会,そうべつかい,a farewell party
送料,そうりょう,postage
運送,うんそう,conveyance
放送局,ほうそうきょく,a broadcasting station
幸,しあわ；コウ；さいわ,happiness,21
幸せ,しあわせ,happy
幸い,さいわい,fortunately
計,ケイ；はか,to measure,21
時計,とけい,watch
計画,けいかく,plan
体温計,たいおんけい,medical thermometer
合計,ごうけい,a total
目覚まし時計,めざましどけい,an alarm clock
置き時計,おきどけい,a table clock
遅,おく；おそ；チ,late,21
遅れる,おくれる,to be late
遅い,おそい,late
配,パイ；くば；ハイ,to deliver,21
心配する,しんぱいする,to worry
心配な,しんぱいな,worried about
配る,くばる,to deliver
配達する,はいたつする,to deliver
弟,おとうと；ダイ；デ,young brother,21
弟,おとうと,younger brother
兄弟,きょうだい,brothers; siblings
妹,いもうと；マイ,young sister,21
妹,いもうと,younger sister
重,かさ；シュウ；チョウ,heavy; to pile up,21
記,キ,to write down,22
日記,にっき,diary
記号,きごう,a sign; a symbol
記事,きじ,an article
記入する,きにゅうする,to fill in
記者,きしゃ,a reporter
記念,きねん,memory; commemoration
銀,ギン,silver,22
銀,ぎん,silver
銀座,ぎんざ,Ginza
銀行,ぎんこう,bank
回,カイ；まわ,...times; to turn,22
回転寿し,かいてんずし,rotating sushi
一回,いっかい,one time
回転する,かいてんする,to rotate
次回,じかい,next time
夕,ゆう,evening,22
夕方,ゆうがた,evening
夕食,ゆうしょく,dinner
黒,くろ；コク,black,22
黒木さん,くろきさん,Mr./Ms. Kuroki
黒い,くろい,black
黒,くろ,black color
黒板,こくばん,blackboard
黒字,くろじ,a profit; surplus
用,ヨウ,task; to use,22
使用中,しようちゅう,"Occupied"
用事,ようじ,business; an engagement; a thing to take care of
用紙,ようし,blank form
利用する,りようする,to use
使用する,しようする,to use
借用書,しゃくようしょ,an IOU
活用形,かつようけい,conjugation form
急用,きゅうよう,urgent business
信用する,しんようする,to trust
引用する,いんようする,to quote; to cite
用具,ようぐ,a tool
用意する,よういする,to prepare
服用する,ふくようする,to take (medicine)
用いる,もちいる,to use; to make use of
薬を服用,くすりをふくよう,to take medicine
女性用,じょせいよう,for ladies
実用的な,じつようてきな,practical
守,ス；まも；シュ,to keep; to protect,22
留守,るす,absence from home
留守番電話,るすばんでんわ,answering machine
お守り,おまもり,charm
末,マツ；まえ,the end of,22
週末,しゅうまつ,weekend
待,ま；まち；タイ,to wait,22
待つ,まつ,to wait
招待,しょうたい,invitation
期待する,きたいする,to expect
残,ザン；この,to remain,22
残業,ざんぎょう,over-time work
残す,のこす,to leave
残念,ざんねん,regrettable
残る,のこる,to remain
残高,ざんだか,balance; remainder
番,バン,order; number,22
留守番電話,るすばんでんわ,answering machine
一番,いちばん,the first
番号,ばんごう,number
電話番号,でんわばんごう,a telephone number
番組,ばんぐみ,a program
一番,いちばん,the most; number 1
交番,こうばん,police box
番地,ばんち,lot number (as part of an address)
当番,とうばん,duty
駅,エキ,station,22
駅,えき,station
東京駅,とうきょうえき,Tokyo Station
駅員,えきいん,station attendant
説,セツ；セッ,theory; to explain,22
説明,せつめい,explanation
説明する,せつめいする,to explain
小説,しょうせつ,novel
説教する,せっきょうする,to preach
伝説,でんせつ,a legend
説得する,せっとくする,to persuade
案,アン,idea; proposal,22
案内する,あんないする,to guide
案内所,あんないしょ,information desk
案,あん,an idea; a proposal
名案,めいあん,a good idea
提案,ていあん,to propose
内,ナイ,inside; inner,22
案内する,あんないする,to guide
案内所,あんないしょ,information desk
家内,かない,my wife
忘,わす；ボウ,to forget,22
忘れる,わすれる,to forget
忘年会,ぼうねんかい,a year-end party
忘れ物,わすれもの,a thing left behind
顔,かお；がお；ガン,face,23
顔,かお,face
笑顔,えがお,a smiling face
顔色,かおいろ,complexion
洗顔する,せんがんする,to wash one's face
顔面,がんめん,the face
情,ジョウ；なさ,emotion; condition,23
表情,ひょうじょう,facial expression
感情,かんじょう,emotion
同情する,どうじょうする,to sympathize
情報,じょうほう,information
情けない,なさけない,miserable
愛情,あいじょう,love; affection
怒,おこ；いか；ド,to get angry,23
怒る,おこる,to get angry
変,ヘン；か,change; abnormal,23
変な,へんな,strange
大変な,たいへんな,tough
変化,へんか,change
変わる,かわる,to change
変える,かえる,to change (something)
変化する,へんかする,to change; to vary
大変,たいへん,very; much
相,あい；ショウ；ソウ,mutual,23
相手,あいて,partner
相談する,そうだんする,to consult
首相,しゅしょう,a Prime Minister
相続する,そうぞくする,to inherit
横,よこ；オウ,sideways,23
横,よこ,side
横浜,よこはま,Yokohama
横断,おうだん,crossing
横転する,おうてんする,to turn over
比,くら；ヒ,to compare,23
比べる,くらべる,to compare
対比する,たいひする,to contrast
比重,ひじゅう,specific gravity
比例する,ひれいする,to be proportional
比較する,ひかくする,to compare
化,カ；ば；ケ,to change into,23
変化,へんか,change
文化,ぶんか,culture
化石,かせき,a fossil
悪化する,あっかする,to change for the worse
変化する,へんかする,to change; to vary
違,ちが；イ,to differ,23
違う,ちがう,different
間違える,まちがえる,to make a mistake
間違い,まちがい,a mistake
違い,ちがい,a difference
違反,いはん,violation
悲,かな；ヒ,sad,23
悲しい,かなしい,sad
悲しむ,かなしむ,to feel sad
悲劇,ひげき,a tragedy
調,チョウ；しら,to investigate,23
調査,ちょうさ,survey; research
調べる,しらべる,to look into
調査する,ちょうさする,to investigate
調子,ちょうし,condition; tone
調和,ちょうわ,harmony
査,サ,to inspect,23
調査,ちょうさ,survey; research
調査する,ちょうさする,to investigate
果,カ；は,fruit; result,23
結果,けっか,result
果物,くだもの,fruit
効果,こうか,an effect
成果,せいか,an outcome
効果,こうか,an effect
感,カン,to sense; to feel,23
感情,かんじょう,emotion
感動する,かんどうする,to be moved
感覚,かんかく,a sense
感心する,かんしんする,to be impressed
感謝する,かんしゃする,to thank
答,こた；こたえ；トウ,answer,23
答える,こたえる,to answer
答え,こたえ,answer
正答,せいとう,a correct answer